0.02,0.02,0.0,0.0,1.0,1.0,0.4050629,0.40382418,0.27,0.27,0.34,0.39,0.405,0.42,0.0,0.47,0.25,0.81,0.56,0.25,0.25,0.56,0.56,0.82,0.33,0.83,0.33,0.12,0.43,-0.017,-0.111,0.035
0.0,0.0,0.0,0.0,1.0,1.0,0.162,0.162,0.37,0.37,0.34,0.38,0.39,0.39,0.0,0.47,0.25,0.82,0.56,0.25,0.25,0.56,0.56,0.81,0.33,0.81,0.33,0.12,0.36,-0.017,-0.112,0.045
0.0,0.0,0.0,0.0,1.0,1.0,0.162,0.162,0.39,0.39,0.36,0.36,0.375,0.375,0.0,0.47,0.25,0.82,0.56,0.25,0.25,0.56,0.56,0.8,0.34,0.8,0.34,0.11,0.34,-0.005,-0.111,0.056
0.0,0.0,0.0,0.0,1.0,1.0,0.162,0.162,0.39,0.39,0.36,0.36,0.36,0.36,0.0,0.47,0.25,0.82,0.56,0.25,0.25,0.56,0.56,0.79,0.34,0.79,0.34,0.11,0.31,0.0,-0.097,0.059
0.0,0.0,0.0,0.0,1.0,1.0,0.30003494,0.29935318,0.3,0.3,0.34,0.39,0.405,0.405,0.0,0.46,0.25,0.81,0.56,0.25,0.25,0.56,0.56,0.82,0.33,0.82,0.33,0.12,0.4,0.002,-0.066,0.038
0.0,0.0,0.0,0.0,1.0,1.0,0.162,0.162,0.4,0.4,0.32,0.4,0.345,0.345,0.0,0.46,0.25,0.81,0.56,0.25,0.25,0.56,0.56,0.78,0.35,0.78,0.35,0.11,0.32,-0.031,-0.016,-0.005
0.0,0.0,0.0,0.0,1.0,1.0,0.162,0.162,0.41,0.41,0.31,0.41,0.345,0.345,0.0,0.46,0.255,0.81,0.56,0.26,0.25,0.56,0.56,0.78,0.35,0.78,0.35,0.1,0.31,-0.028,0.023,-0.039
0.0,0.0,0.0,0.0,1.0,1.0,0.162,0.162,0.41,0.41,0.24,0.49,0.36,0.36,0.0,0.44,0.26,0.79,0.56,0.27,0.25,0.56,0.56,0.79,0.34,0.79,0.34,0.09,0.32,-0.035,0.047,-0.087
0.0,0.0,0.0,0.0,1.0,1.0,0.162,0.162,0.41,0.41,0.21,0.51,0.36,0.36,0.0,0.44,0.26,0.79,0.56,0.27,0.25,0.56,0.56,0.79,0.34,0.79,0.35,0.09,0.36,-0.027,0.072,-0.156
0.0,0.0,0.0,0.0,1.0,1.0,0.162,0.162,0.42,0.42,0.19,0.53,0.345,0.345,0.0,0.44,0.27,0.79,0.56,0.28,0.26,0.56,0.56,0.78,0.35,0.78,0.35,0.1,0.39,-0.022,0.074,-0.176
0.0,0.0,0.0,0.0,1.0,1.0,0.162,0.162,0.42,0.42,0.23,0.49,0.36,0.36,0.0,0.44,0.27,0.79,0.56,0.28,0.26,0.56,0.56,0.79,0.34,0.79,0.35,0.1,0.38,-0.03,0.082,-0.164
0.0,0.0,0.0,0.0,1.0,1.0,0.162,0.162,0.42,0.42,0.31,0.41,0.39,0.42,0.0,0.45,0.26,0.8,0.56,0.27,0.25,0.56,0.56,0.81,0.33,0.83,0.33,0.1,0.36,-0.048,0.101,-0.128
0.0,0.0,0.0,0.0,1.0,1.0,0.162,0.162,0.4,0.4,0.37,0.35,0.375,0.405,0.0,0.48,0.255,0.82,0.56,0.26,0.25,0.56,0.56,0.8,0.34,0.82,0.33,0.1,0.26,-0.041,0.117,-0.077
0.0,0.0,0.0,0.0,1.0,1.0,0.162,0.162,0.4,0.4,0.42,0.31,0.375,0.39,0.0,0.48,0.255,0.82,0.56,0.26,0.25,0.56,0.56,0.8,0.34,0.81,0.34,0.09,0.2,0.004,0.144,-0.027
0.0,0.0,0.0,0.0,1.0,1.0,0.162,0.162,0.4,0.4,0.44,0.29,0.375,0.36,0.0,0.48,0.26,0.82,0.56,0.27,0.25,0.56,0.56,0.8,0.34,0.79,0.34,0.09,0.14,0.022,0.151,-0.003
0.01,0.01,0.0,0.0,1.0,1.0,0.162,0.162,0.37,0.37,0.42,0.3,0.315,0.315,0.0,0.47,0.255,0.81,0.56,0.26,0.25,0.56,0.56,0.76,0.36,0.76,0.36,0.09,0.13,0.045,0.126,-0.0
0.06,0.06,0.0,0.0,1.0,1.0,0.162,0.162,0.36,0.36,0.41,0.31,0.315,0.3,0.0,0.47,0.255,0.82,0.56,0.26,0.25,0.56,0.56,0.76,0.36,0.75,0.36,0.09,0.11,0.074,0.1,0.011
0.07,0.07,0.0,0.0,1.0,1.0,0.27291638,0.27220437,0.28,0.28,0.4,0.32,0.36,0.345,0.0,0.48,0.27,0.83,0.56,0.28,0.26,0.56,0.56,0.79,0.34,0.78,0.35,0.11,0.08,0.104,0.083,0.011
0.03,0.03,0.0,0.0,1.0,1.0,0.162,0.162,0.35,0.35,0.38,0.34,0.345,0.315,0.0,0.48,0.27,0.82,0.56,0.28,0.26,0.56,0.56,0.78,0.35,0.76,0.35,0.11,0.09,0.117,0.062,0.007
0.06,0.06,0.0,0.0,1.0,1.0,0.162,0.162,0.38,0.38,0.37,0.35,0.33,0.3,0.0,0.48,0.285,0.82,0.56,0.29,0.28,0.56,0.56,0.77,0.35,0.75,0.36,0.11,0.1,0.128,0.05,0.002
0.054845937,0.065014996,0.009946022,0.02105416,0.94208443,1.0,0.189623,0.17941058,0.36637777,0.36382502,0.20760871,0.5338154,0.439039,0.171348,0.24336493,0.29295987,0.614908,0.54229605,0.48506778,0.6086032,0.5772905,0.4151397,0.5393741,0.6592676,0.359024,0.74783206,0.44948596,0.06070619,0.42063704,-0.0046858713,-0.031037897,-0.10750109
0.055548504,0.17221954,0.115367614,0.17964366,1.0,0.9818409,0.23650189,0.1415228,0.31995115,0.24748187,0.38435504,0.44858292,0.17715394,0.24216579,0.58334905,0.5807951,0.70190525,0.8494905,0.5666451,0.8178527,0.7709704,0.48223266,0.340746,0.8406646,0.43972093,0.8217477,0.23677011,0.0,0.43056396,-0.038617224,0.10697796,-0.13158648
0.06383251,0.0067247525,0.31784064,0.2258259,1.0,0.9911535,0.20107375,0.31512326,0.40280443,0.37020677,0.22231624,0.39963788,0.24493739,0.14358775,0.5520897,0.49735153,0.7488488,0.745712,0.57684654,0.7704577,0.817552,0.5306583,0.47307435,0.5747898,0.36851028,0.6762156,0.33960733,0.0,0.3513701,0.03052441,0.055955753,-0.08810251
0.0,0.0,0.08939124,0.20101327,1.0,1.0,0.1069917,0.0630312,0.55926627,0.42028117,0.3457369,0.37674272,0.2821004,0.16220307,0.27984905,0.32072142,0.74361074,0.70265305,0.49276888,0.9825657,0.9025275,0.41527292,0.29801267,0.7066474,0.18479511,0.6242592,0.29384488,0.049262136,0.48283195,0.025250832,-0.09674679,0.0068968944
0.17925963,0.1618689,0.30246246,0.32452464,1.0,0.99741256,0.10251258,0.022989258,0.51251113,0.42036742,0.4098778,0.40513957,0.072873965,0.40719268,0.47221357,0.3647837,0.867695,0.8496304,0.2754605,0.9820419,0.8418453,0.4120893,0.38226962,0.77643466,0.3872239,0.5202416,0.4113238,0.0,0.5661399,-0.08578274,-0.11768741,-0.05999583
0.23818463,0.19303046,0.22906089,0.041403513,0.990689,0.8477915,0.23087901,0.101693235,0.5185396,0.45552546,0.41086861,0.23174855,0.13366234,0.104026005,0.71002203,0.13753751,0.85788786,0.5566867,0.23523279,0.91209483,0.8038593,0.30131263,0.33656788,0.7061954,0.436773,0.7893433,0.31991273,0.032899044,0.39303195,0.0020142049,0.009153463,-0.034694165
0.29826868,0.060967766,0.0,0.18429013,1.0,0.87932944,0.2549541,0.14606488,0.4965141,0.42410558,0.41716918,0.21527085,0.16787502,0.34954622,0.55596775,0.35309246,1.0,0.7347589,0.3221625,1.0,1.0,0.1494721,0.07404791,0.8130607,0.18483654,0.8043685,0.3674701,0.14329855,0.3195262,0.2561868,0.2740718,0.016436622
0.5336484,0.57417685,0.82450056,0.7814086,0.882085,0.93636227,0.4310493,0.4057135,0.44315556,0.45071778,0.26748177,0.44754782,0.15484768,0.09127288,0.81292725,0.4010017,0.9021372,0.7621392,0.22472593,1.0,0.84506166,0.40146962,0.30851567,0.54787886,0.5138831,0.803463,0.43458155,0.065989226,0.51355755,-0.017659873,0.16090235,-0.39938456
0.66436917,0.68926847,0.97374034,0.9120164,1.0,0.9627945,0.11312781,0.35522002,0.5065509,0.26248294,0.16805613,0.16855142,0.19398478,0.09643601,0.9269122,0.30769673,1.0,0.60349584,0.24859358,1.0,1.0,0.5085678,0.28713688,0.5713652,0.5169977,0.6456415,0.41896477,0.0,0.45351684,0.117022544,0.15475021,-0.017754517
0.84901637,0.43244052,1.0,1.0,0.8670759,0.7257571,0.2794119,0.24627471,0.12227245,0.3352361,0.2605688,0.47768444,0.23569173,0.0,1.0,0.16873322,1.0,0.63484496,0.0,1.0,1.0,0.3374822,0.16682392,0.66972625,0.42323592,0.7171976,0.44448492,0.061881803,0.40848786,0.207985,0.03125895,-0.1470455
0.57411605,0.6831091,0.95856744,1.0,0.82641405,1.0,0.41596803,0.21444704,0.3420965,0.3306603,0.24054816,0.44495136,0.18415177,0.1462199,0.8634959,0.32566357,0.8711061,0.7521152,0.35505018,0.9285227,0.70420074,0.23090266,0.2684201,0.7467422,0.3465954,0.8613438,0.30178404,0.0062766783,0.40182415,0.09339858,0.17036423,-0.0007910654
0.3643257,0.4309718,0.33616316,0.32916367,0.96861786,0.91475654,0.27998674,0.18509516,0.46339804,0.22441688,0.19949627,0.39081725,0.11901738,0.1825813,0.410607,0.28576335,0.66638327,0.7712793,0.26111472,0.8032646,0.75909173,0.48080727,0.34040174,0.68374056,0.54662013,0.77328414,0.36574918,0.2317675,0.5818554,0.25625193,0.061284702,-0.011842746
0.1425751,0.1911794,0.25512704,0.32669315,0.90179586,0.97738147,0.1944315,0.19055419,0.5348461,0.55414003,0.45758963,0.22222798,0.22252226,0.3791121,0.46331942,0.37196293,0.6270487,0.67873955,0.48587206,0.7359324,0.64844686,0.47006574,0.44031847,0.6633701,0.3228789,0.7994129,0.40928623,0.10349206,0.32238218,0.014751741,-0.072197914,0.06877913
0.0,0.094912775,0.081464864,0.012594753,0.99290085,0.9551919,0.25542364,0.07510693,0.446556,0.5202492,0.44104496,0.3871099,0.30021843,0.2760546,0.49879846,0.330144,0.6528635,0.8031315,0.49451432,0.7126519,0.627137,0.4283485,0.4740496,0.7716057,0.26965678,0.74991894,0.28428757,0.066284396,0.36210814,-0.025718896,0.092227615,0.072618924
0.08828435,0.025419889,0.013801231,0.0,0.94541043,0.9308594,0.16473734,0.061262056,0.45798483,0.51830643,0.47248808,0.35219935,0.33817092,0.27526572,0.55945843,0.30412596,0.7150786,0.77923805,0.5235171,0.73652935,0.6716597,0.4780666,0.5338553,0.6769298,0.43490434,0.66975933,0.35504413,0.1127113,0.42199445,-0.007298596,0.040407103,0.1460671
0.2510073,0.03260288,0.22011514,0.08863592,1.0,0.9426589,0.11477395,0.14286344,0.31716353,0.45858717,0.44761023,0.32895812,0.22357474,0.28019843,0.58775747,0.3535982,0.7480224,0.79885644,0.40458736,0.8009841,0.72583675,0.39414278,0.47248065,0.8208119,0.31558743,0.6201608,0.26410687,0.0941179,0.42193183,0.037347227,0.05522321,0.050900396
0.035056952,0.18877594,0.010694306,0.027458152,1.0,0.9609918,0.12880021,0.2125987,0.39161775,0.38778582,0.38931993,0.3305417,0.24203868,0.30463424,0.3018809,0.31409958,0.5790559,0.7520377,0.5339456,0.5013517,0.557534,0.4872283,0.41873536,0.6716411,0.29476833,0.72576326,0.3289523,0.07209746,0.25384927,0.050651535,0.059790816,0.050187618
0.08908379,0.13628717,0.16675545,0.12564507,0.9843978,0.97094935,0.19390096,0.1688586,0.46380734,0.49014723,0.3923676,0.27311623,0.2371115,0.2641872,0.6158755,0.382648,0.7141392,0.7278231,0.46258917,0.64347416,0.6447234,0.43419528,0.38549367,0.8027978,0.21296673,0.7887182,0.3814285,0.1134598,0.29996744,0.05936418,0.06183976,0.05361423
0.14073761,0.067897476,0.18755637,0.18337476,0.93608326,0.9757078,0.11055521,0.20724148,0.355855,0.392444,0.39673603,0.36003122,0.3326274,0.31197023,0.57968336,0.3527784,0.685028,0.7788593,0.4496018,0.7689565,0.75548476,0.5116406,0.46037683,0.7265522,0.29542097,0.65766007,0.43284687,0.11583679,0.38340148,-0.05501501,0.0031314343,-0.047223836
0.12086854,0.14756067,0.2976857,0.23705745,0.99596804,0.99592346,0.11839852,0.15227981,0.52534586,0.4567674,0.4493103,0.34868303,0.3105065,0.29148862,0.73120546,0.2477843,0.7089314,0.54256225,0.56141883,0.8362755,0.7789226,0.48146376,0.5607238,0.6187547,0.35730803,0.62509125,0.47497034,0.10222117,0.5459159,-0.077485114,0.0698617,-0.15138261
0.15257205,0.3180082,0.24300134,0.20417845,0.9208956,0.94180185,0.15139936,0.12148864,0.48870632,0.3928081,0.46039447,0.26478168,0.32551292,0.35876325,0.59804034,0.3125606,0.6578888,0.69598585,0.40965447,0.69320124,0.6719887,0.40098882,0.39616808,0.7521084,0.4537942,0.7803133,0.2577978,0.12942322,0.4214569,0.0023322701,0.13406591,-0.027859705
0.058907893,0.10343588,0.3055946,0.23097712,0.9477044,0.98768806,0.20843017,0.2042349,0.48632908,0.5208142,0.42938888,0.30191267,0.22091806,0.3614789,0.70010066,0.33430195,0.8304723,0.7478351,0.5765502,0.7587691,0.6440479,0.48905298,0.5232702,0.86571497,0.3574365,0.8784792,0.21085481,0.1419331,0.4774518,0.034473676,0.2160989,-0.08647851
0.051412955,0.14898668,0.23927803,0.073639356,0.89479685,0.94765663,0.130283,0.1845007,0.58768064,0.4255352,0.40439,0.30641773,0.41684273,0.4649242,0.6843748,0.31878892,0.6076743,0.7795798,0.6274273,0.740388,0.6911535,0.46831465,0.4554635,0.7900462,0.30166212,0.80383426,0.2459848,0.0090128705,0.37698305,0.038364638,-0.064747624,-0.030074814
0.18947844,0.07226554,0.15347844,0.1884938,1.0,1.0,0.2489664,0.14791818,0.4717772,0.4051744,0.40758944,0.28076836,0.28905895,0.44886434,0.7169483,0.25200042,0.65747684,0.6255801,0.5378722,0.6506652,0.64738226,0.4012307,0.474061,0.85140944,0.33432126,0.6634777,0.31227186,0.031923935,0.51120085,-0.07082016,0.03703542,-0.04641531
0.2777968,0.26449445,0.29367614,0.33242515,1.0,0.9716012,0.23659666,0.17759828,0.4337622,0.43715623,0.40167427,0.36022997,0.33576715,0.23638487,0.80137867,0.30653468,0.6017143,0.65538734,0.46762538,0.70059663,0.62358147,0.3848695,0.43668756,0.7765166,0.31169,0.7777233,0.39129066,0.049287885,0.38392687,-0.06812959,0.22305286,0.0052297763
0.3350791,0.18318146,0.38418767,0.2550741,0.8908079,0.9694376,0.16698319,0.09050849,0.5532937,0.35328078,0.34271312,0.33692312,0.40940985,0.31534526,0.74980754,0.28904626,0.6161377,0.5922269,0.5329116,0.59839326,0.60620713,0.4246682,0.4576993,0.6973559,0.24589252,0.803081,0.25410232,0.02046648,0.480423,-0.004071027,0.14363067,-0.034866422
0.14548461,0.15384986,0.34448364,0.20681266,0.95792586,0.97637993,0.11205854,0.0101888655,0.5021095,0.5632208,0.35117504,0.37245825,0.3031916,0.3840538,0.8151997,0.2232946,0.6467908,0.6823394,0.53765506,0.6357241,0.6772902,0.40301502,0.54804,0.7180259,0.45669135,0.7153218,0.38195562,0.065376125,0.5330691,-0.08820334,0.046920728,-0.10441635
0.21324968,0.2835804,0.36366364,0.34942326,1.0,0.9325823,0.14233516,0.104599595,0.4611181,0.45541838,0.34065977,0.52395946,0.2546432,0.35841116,0.7706509,0.40075004,0.64345723,0.8246918,0.572181,0.7223816,0.59417665,0.4319757,0.56272084,0.68884975,0.3212928,0.7884271,0.41036543,0.072813176,0.517957,-0.00039358684,0.12776832,-0.10236484
0.40842274,0.38764215,0.5582371,0.6141631,0.94126064,0.9767534,0.18449433,0.14373283,0.41954193,0.4804162,0.30923006,0.36183086,0.2521582,0.11898634,0.7622056,0.33169833,0.67667866,0.7256662,0.5319501,0.64784425,0.77168244,0.4152039,0.42584395,0.80974036,0.39538828,0.8708241,0.3843135,0.0032043196,0.6023892,-0.061364442,0.05926491,0.09471769
0.22757675,0.26321545,0.44498098,0.5469538,0.95811135,0.94353056,0.13829353,0.11963332,0.46503475,0.6160903,0.38193825,0.39146355,0.20241117,0.20517254,0.8673335,0.31303707,0.87284356,0.5889257,0.56280977,0.7619993,0.721853,0.44302514,0.5013011,0.7431771,0.3034228,0.74120504,0.4164703,0.12835906,0.53120536,0.003935665,0.0096420795,-0.008678104
0.23671943,0.2060069,0.38645783,0.39521447,0.9719486,0.95767134,0.16353212,0.17989898,0.39424312,0.40470502,0.24957788,0.5416458,0.25176796,0.3713294,0.8424724,0.33857277,0.84428996,0.7068178,0.5274469,0.67403287,0.7531133,0.58918756,0.5610565,0.73035866,0.39846477,0.71035385,0.2745731,0.04472578,0.539115,0.04907532,-0.03605335,-0.05948155
0.3557333,0.29906085,0.5051457,0.37061155,0.91576385,0.91560775,0.10517132,0.11161155,0.40938354,0.38114476,0.286104,0.4413962,0.23637205,0.2804046,0.82957655,0.3821753,0.7473498,0.79276246,0.38119212,0.6930399,0.7267976,0.41671047,0.3852639,0.70172167,0.3171496,0.76499623,0.43110332,0.032115135,0.51662993,-0.012278865,0.029394254,0.08402819
0.40048072,0.34201804,0.56285447,0.6440157,0.98396164,0.9467302,0.19003598,0.08282316,0.32620347,0.30424908,0.35022053,0.43494657,0.28383923,0.25949916,0.9830869,0.22751944,0.8702956,0.69453746,0.35131136,0.8914625,0.938502,0.4843473,0.32190475,0.68461275,0.31320927,0.67510766,0.41679147,0.0914387,0.5434008,-0.057210207,-0.068434976,-0.10869321
0.30387175,0.48789343,0.7345422,0.7485079,1.0,0.9792468,0.14527029,0.10782715,0.50232106,0.44844207,0.36498412,0.35179535,0.28205886,0.15147705,0.91033167,0.26815423,0.8590808,0.62268776,0.32868564,0.93559575,0.8993354,0.105662026,0.2902601,0.81869936,0.42397615,0.7072396,0.3274474,0.09867861,0.524602,0.017009584,-0.036700625,-0.1739806
0.45313916,0.4729445,0.8088474,0.7679922,0.9637944,0.998765,0.36643422,0.1339644,0.47993803,0.51525426,0.41598025,0.49881473,0.26007727,0.1689626,0.92807037,0.095535934,0.95813346,0.6575102,0.2532903,0.9613905,0.8829501,0.27055845,0.29134727,0.6209939,0.4427588,0.65071136,0.42868504,0.112193234,0.61053735,0.019239038,0.1278374,0.017168416
0.36394122,0.47935995,0.7522028,0.8565658,0.90806705,0.96818066,0.12644432,0.086084194,0.42252907,0.48625374,0.5186489,0.35824427,0.22169924,0.2781208,0.9740674,0.28732267,0.9256597,0.52369595,0.33872485,0.91437,0.9573681,0.30599114,0.22394097,0.68597704,0.51234746,0.55180854,0.24779244,0.062167972,0.52006215,0.03261638,0.14138131,-0.093365885
0.46827832,0.50242186,0.7867574,0.8404486,0.94277006,0.97295,0.2047668,0.2630103,0.38109222,0.44261584,0.415527,0.41172686,0.20604952,0.20303698,0.99875546,0.19389366,0.9996469,0.5887084,0.24043493,0.9314954,0.91073245,0.24977762,0.20324095,0.6777239,0.31432498,0.6994667,0.41623926,0.09873132,0.6092355,0.014213772,-0.11483916,0.036707003
0.47186995,0.5966998,0.84866637,0.7701228,0.9236326,0.94500464,0.23789771,0.27524307,0.4904078,0.4618741,0.28347594,0.2641275,0.25290364,0.19165848,0.9353711,0.16414364,1.0,0.6271009,0.29386905,0.96097165,0.85740274,0.33748212,0.19351329,0.7274777,0.32625726,0.67624855,0.34390712,0.08361248,0.5103266,0.05349341,-0.0961622,-0.15280646
0.45401105,0.3013717,0.7843046,0.849202,0.9329305,0.9323764,0.13655798,0.24304903,0.5533472,0.46512976,0.31988287,0.21942914,0.14467625,0.17216885,0.9551906,0.19723904,0.95477676,0.65914136,0.2592844,0.9985725,1.0,0.20004588,0.17505608,0.65243316,0.5322699,0.64922494,0.47110388,0.079860166,0.570457,0.035937935,-0.13865714,-0.11815882
0.4852511,0.51266617,0.84743875,0.818547,0.9771283,0.9369529,0.11380001,0.16988099,0.42151675,0.3735154,0.39855543,0.3089656,0.18400903,0.17290366,1.0,0.16157918,0.8869125,0.5422561,0.3178291,0.9732497,1.0,0.37907478,0.3564374,0.60948914,0.44968307,0.5993795,0.4282278,0.10943829,0.5166947,0.07506993,-0.02708555,0.025070915
0.505346,0.48664746,0.916924,0.8143304,0.90834403,0.9695532,0.16176866,0.119347654,0.50832814,0.44283292,0.52937406,0.4153606,0.23884143,0.17368788,1.0,0.29791567,0.9496045,0.55844957,0.29275718,0.9791973,0.97665256,0.23182876,0.33758855,0.600368,0.29770645,0.670259,0.33675608,0.029750362,0.36349168,0.060710307,0.05037104,-0.07679005
0.48171854,0.48864862,0.7377746,0.7856121,0.8953176,0.97227496,0.12040768,0.1080651,0.46725455,0.47868648,0.54942435,0.2919112,0.20029598,0.06711607,0.9045353,0.27180186,0.97837114,0.6739618,0.2679297,0.97080487,0.95892686,0.22152603,0.23645167,0.92699796,0.43379402,0.72016233,0.46493134,0.017794404,0.44122902,0.049491197,0.05355597,0.05510171
0.50709486,0.43684682,0.785476,0.8112003,0.9510563,0.97935635,0.12680434,0.07355727,0.42931715,0.4388102,0.47680488,0.20098577,0.19347453,0.25385514,1.0,0.2174772,0.92420286,0.60590154,0.22448677,0.9423515,0.871905,0.22016032,0.31591454,0.4807644,0.39247122,0.6529968,0.5441678,0.016887391,0.43157408,0.1400482,0.1194469,-0.10544592
0.40424398,0.4879429,0.7404423,0.7212717,0.9908188,0.98957556,0.19550939,0.20743293,0.48145393,0.44349852,0.38461056,0.23236485,0.19780554,0.20757586,0.96946,0.3025135,0.91066045,0.49767232,0.36764273,0.9228074,0.8959462,0.3022844,0.19317919,0.6265651,0.5232091,0.67444247,0.4349374,0.07764954,0.5379152,0.14292054,0.07123334,0.0230161
0.32149872,0.37150946,0.55294406,0.51718134,0.95194775,0.8846975,0.2114417,0.2497826,0.48548898,0.51307815,0.5350035,0.29140404,0.16716956,0.09301924,0.88089657,0.42193964,0.8761039,0.6075087,0.43525627,0.84142,0.7510879,0.2864016,0.40279308,0.6249414,0.38480482,0.6760101,0.3616784,0.048039842,0.45748973,0.15984513,0.07005665,0.089731455
0.28703573,0.31727207,0.5457409,0.47697362,0.98160106,0.90612274,0.24427772,0.23811466,0.5334356,0.4300995,0.35996246,0.2525327,0.16468884,0.21470003,0.7739754,0.25798693,0.77162486,0.70930535,0.3557415,0.6924662,0.7730338,0.4496778,0.37160006,0.69896275,0.45471945,0.70171803,0.4178349,0.1114374,0.50989664,0.036543917,-0.028243756,-0.12967445
0.24993075,0.42492008,0.51144886,0.70287395,0.95169324,0.9351724,0.2565125,0.18517339,0.5265738,0.41675782,0.34451333,0.4125348,0.1757708,0.21731384,0.732189,0.39669013,0.7309892,0.78779155,0.253782,0.7518201,0.7091797,0.3405249,0.32375666,0.7618227,0.5083146,0.6938331,0.37977457,0.044397373,0.5951929,0.07934236,-0.06638449,-0.027987102
0.26866803,0.3442792,0.52849525,0.69226235,0.8680844,0.9494558,0.12840216,0.1512217,0.37055293,0.43512097,0.28353086,0.26787373,0.18781663,0.20128135,0.61218894,0.32492757,0.55212253,0.7081032,0.4533099,0.67253,0.6622817,0.44716534,0.40158927,0.7685139,0.29806086,0.7812905,0.37497392,0.16046609,0.57132447,0.03621907,0.11524362,-0.1954689
0.14187425,0.25241455,0.31788465,0.2697875,0.9785839,0.9315569,0.10813353,0.14266552,0.52114815,0.47097316,0.3837838,0.36748493,0.30276567,0.31762564,0.31522506,0.46024942,0.34849176,0.73796326,0.49577546,0.4289973,0.44735062,0.5672763,0.61010593,0.8099317,0.27955416,0.7026014,0.258508,0.09828251,0.7303796,-0.007647226,0.011098459,-0.046006363
0.20829804,0.20302801,0.25376022,0.19881451,0.84191775,1.0,0.22083092,0.15261398,0.40876952,0.5226159,0.18924,0.4379287,0.48242894,0.35510156,0.2389713,0.5549801,0.2367572,0.80217266,0.42062154,0.22698958,0.32960987,0.5733871,0.48930797,0.74520487,0.33299556,0.7871838,0.3244163,0.17417009,0.85865957,-0.06061556,-0.022540798,-0.13672262
0.14597276,0.20442325,0.23812425,0.28798917,0.97502726,0.96824914,0.22330809,0.18244202,0.39553595,0.38111725,0.41210946,0.48996305,0.44780147,0.5305554,0.22929494,0.49262547,0.1909572,0.72403216,0.55031294,0.32771137,0.40599784,0.5231007,0.50254756,0.864016,0.331022,0.7116211,0.36895478,0.22894286,0.69803697,0.026833186,-0.0069075027,-0.046340954
0.0,0.085445456,0.28261197,0.07398279,0.98677015,0.95118666,0.25615713,0.16755451,0.3979803,0.46257856,0.30858973,0.4546279,0.4034674,0.44501162,0.15774275,0.44617376,0.20557375,0.7814214,0.61635214,0.26539412,0.15520076,0.55060583,0.5047414,0.8126435,0.30627,0.9199378,0.31463274,0.17419994,0.6914303,-0.061897192,-0.061009865,0.022563329
0.0061185225,0.10940815,0.0,0.017153306,0.94507474,1.0,0.19540374,0.10181185,0.36251608,0.3470938,0.20574437,0.32180753,0.4329208,0.38434815,0.0,0.56589454,0.3090664,0.7825349,0.64179605,0.24015789,0.18309063,0.6026218,0.42151842,0.82098913,0.3747567,0.9621198,0.3429749,0.27068698,0.71186215,0.021694409,-0.028721696,-0.085608535
0.06861737,0.079682186,0.011546717,0.09585905,0.9908762,0.9292349,0.11639512,0.07868627,0.45344186,0.33103862,0.42065898,0.275863,0.43885806,0.47910213,0.0,0.31448004,0.26109323,0.83267474,0.6209857,0.33557478,0.20679982,0.51293033,0.6199804,0.8835344,0.2777343,0.97942954,0.28989336,0.27223668,0.5175651,0.030715294,-0.061403543,-0.07133201
0.0,0.04922241,0.019467147,0.03012073,0.93228865,0.9941659,0.10758501,0.1706513,0.54490715,0.3562927,0.3426318,0.32284462,0.46082017,0.5196798,0.0039066034,0.45792162,0.3114147,0.8025996,0.50035256,0.2566195,0.34015742,0.60894173,0.5329933,0.79268104,0.33420357,0.91896147,0.2011319,0.28941923,0.3932568,-0.122944094,0.008527085,0.009442707
0.0,0.0,0.035622653,0.037921812,0.93061894,0.9694373,0.16614799,0.15269576,0.35785958,0.5203682,0.45719406,0.29180503,0.3609532,0.5353542,0.05493784,0.51080006,0.17943855,0.8299884,0.47586596,0.1990778,0.24864691,0.5474116,0.63320225,0.8511923,0.24934562,0.9525704,0.2663752,0.29539713,0.46861467,-0.021403238,0.022353545,-0.055267394
0.041925345,0.05729854,0.0,0.07289398,0.9494063,0.95556337,0.09803029,0.16996203,0.5436066,0.45512113,0.6214532,0.1883864,0.61643654,0.52444154,0.011730385,0.4025233,0.28032124,0.71277255,0.5465287,0.251212,0.1459707,0.54401344,0.6343009,0.80158025,0.36481225,0.9224177,0.3632238,0.33186683,0.31942865,-0.033381004,-0.0016190311,0.10471407
0.09404496,0.021169582,0.08704438,0.032422245,1.0,0.92102045,0.21427727,0.06953261,0.5496005,0.48076352,0.6899697,0.27316615,0.50753206,0.572674,0.15384884,0.48213425,0.16678798,0.8316161,0.56006646,0.24773927,0.23084903,0.58682036,0.47031888,0.9345626,0.35555527,0.7317884,0.38957813,0.33997384,0.32946512,0.012276557,-0.0004003346,-0.03552392
0.024078285,0.03591338,0.0,0.078878924,0.97789216,0.955431,0.13750003,0.15304978,0.45218477,0.43739352,0.5543769,0.11863172,0.5704116,0.50735694,0.011749423,0.51304823,0.27305415,0.92006034,0.4897952,0.19612296,0.14475851,0.69266313,0.6308937,0.9036884,0.27964774,0.84033734,0.3114259,0.31174108,0.10569415,-0.058528867,0.13613173,-0.033855937
0.0874185,0.0,0.042619135,0.028755484,0.85339075,0.96486187,0.08212863,0.17298186,0.37476096,0.4918516,0.6898653,0.12757401,0.4683278,0.56373984,0.04284476,0.4662597,0.22779709,0.8771046,0.55063385,0.32661757,0.28752485,0.6677099,0.5525986,0.8219798,0.22780092,0.85501057,0.28225225,0.39022064,0.3023459,0.0571525,-0.033816095,0.06689162
0.0,0.12861861,0.03302167,0.09925097,0.9637155,0.89544934,0.17765188,0.18978189,0.35362113,0.35700715,0.52192754,0.1297542,0.5255775,0.60996723,0.18441637,0.28940544,0.20959388,0.878135,0.54941744,0.17907828,0.34840354,0.5451778,0.48932147,0.8629516,0.2960487,0.8912697,0.40927958,0.2323486,0.3876172,0.11548155,0.12905729,0.097822435
0.014664779,0.19501239,0.06392706,0.113042,0.93581516,0.99997526,0.07056334,0.1556017,0.32449874,0.3392675,0.39929876,0.22871764,0.5508271,0.52363086,0.04217035,0.4334503,0.31475002,0.8264899,0.60398245,0.28647485,0.20612776,0.5990556,0.71523327,0.92539614,0.29231665,0.8456009,0.2784867,0.4564488,0.34399685,0.059096932,0.08449685,0.16087614
0.07166658,0.10846287,0.08240434,0.0,0.9487171,0.9868285,0.21466738,0.16126065,0.46727154,0.36587107,0.30957916,0.19792736,0.44044232,0.57795405,0.16869217,0.43561164,0.21964164,0.8062121,0.5923529,0.17874555,0.31861597,0.47600293,0.5465372,0.90773815,0.36350027,0.9200051,0.22813506,0.3774016,0.311038,0.06303659,0.14032085,-0.0321372
0.018216936,0.061158504,0.053517196,0.10067449,0.99829465,1.0,0.2639147,0.12416387,0.21567796,0.46773565,0.26676998,0.3955082,0.47445813,0.5529099,0.09908929,0.38451782,0.27763805,0.7594819,0.5075092,0.26512775,0.20119518,0.50956315,0.5762164,0.9534585,0.35044146,0.8498444,0.2535385,0.49148253,0.5764818,-0.008117548,0.07810937,0.09091047
0.101758786,0.05948783,0.0,0.0015517337,0.95293903,1.0,0.11334171,0.16576166,0.42472807,0.3819441,0.34010077,0.36555764,0.6177133,0.61591524,0.082728475,0.4484099,0.29566073,0.7937687,0.5167349,0.16936958,0.17765641,0.6050329,0.50607127,0.8522853,0.34735015,0.8676545,0.27053666,0.434553,0.41012716,-0.04085801,0.04497311,-0.011695861
0.10318441,0.0,0.01935727,0.12821709,0.9877948,0.936075,0.16347899,0.12385956,0.35602757,0.38568988,0.39994827,0.42992607,0.44044352,0.5217975,0.12178219,0.40486825,0.19803177,0.7505719,0.67606544,0.35727045,0.26119497,0.577907,0.50127083,0.8741906,0.31456706,0.8944494,0.19487609,0.37660202,0.49420342,0.061258275,0.03646144,-0.0073568635
0.053045813,0.16437899,0.11716566,0.10876743,0.9944916,0.9507362,0.19182058,0.101133995,0.41177297,0.40602884,0.3493115,0.5152598,0.55890965,0.56797737,0.020387677,0.43841553,0.20836334,0.78270334,0.57089347,0.291804,0.09797069,0.58224976,0.5962202,0.9524875,0.22724473,0.96504784,0.2976822,0.48566368,0.5253458,0.053480234,0.10576563,0.04748078
0.06513461,0.17449492,0.13997011,0.11802789,0.9192117,1.0,0.21561928,0.19649474,0.34488693,0.2950786,0.41192544,0.338284,0.47091886,0.646256,0.1311125,0.38576832,0.21227373,0.8255152,0.6594909,0.23211332,0.31339833,0.5201631,0.5369746,0.90830064,0.2575002,0.9471953,0.3522699,0.44640028,0.5427098,0.077673964,-0.02725201,0.026238704
0.0646553,0.049430132,0.11087495,0.100540936,0.9831433,0.9583867,0.20008314,0.17074405,0.39686796,0.31298873,0.42495704,0.3200918,0.43122634,0.65679044,0.09641548,0.38675725,0.3168717,0.88653034,0.6788978,0.3335332,0.17596768,0.54545265,0.46600357,0.86866194,0.14215407,0.90421885,0.2729122,0.48472166,0.58639103,0.01364084,0.0069777705,0.033683516
0.119778425,0.04922531,0.087305345,0.078154884,0.96484137,0.992955,0.26491404,0.10904472,0.36699572,0.55898994,0.38970792,0.43596828,0.452569,0.60839164,0.04750533,0.395782,0.30363214,0.78997993,0.5854536,0.23045509,0.20606804,0.46788302,0.6129522,0.90906554,0.41092148,0.9192551,0.34684566,0.523956,0.44798204,0.03846204,-0.066983916,0.07587073
0.034673292,0.039960623,0.20994735,0.022731915,0.8343926,0.9141558,0.21313876,0.1483636,0.34858644,0.3242773,0.27915388,0.43505946,0.49661317,0.71282107,0.14793383,0.31982565,0.14840002,0.72331524,0.673495,0.2424922,0.15549602,0.59508306,0.6669528,0.84335726,0.20031744,0.92798775,0.24473186,0.5176013,0.5532134,-0.07648442,-0.04804497,-0.034265067
0.076025814,0.0730311,0.05674268,0.0406736,1.0,0.967067,0.14227067,0.2128342,0.3961093,0.4443444,0.3449533,0.3207405,0.4413625,0.62121874,0.06305233,0.37925693,0.1830117,0.75940037,0.60645646,0.21433675,0.34504294,0.60096675,0.6076996,0.85529023,0.27086565,0.9736197,0.13336723,0.4290608,0.44863486,-0.07178261,0.028180989,0.13218546
0.0009819766,0.08790072,0.03795209,0.0933129,0.99425656,0.9365018,0.21864916,0.24972515,0.33716002,0.317965,0.29393938,0.48177668,0.5627807,0.66584337,0.021270648,0.41744295,0.14870697,0.8491917,0.67523843,0.30047807,0.21045445,0.6088295,0.5827202,0.85285467,0.3302098,0.95125943,0.18306792,0.4167321,0.48486233,-0.024068646,-0.028183756,0.012045856
0.01654277,0.081215814,0.04142754,0.09147587,0.9822981,0.9247184,0.29876372,0.12826799,0.311588,0.29862645,0.30028835,0.32197052,0.5868814,0.63021183,0.011770189,0.4932076,0.29815766,0.7993409,0.57159305,0.14487587,0.21840905,0.6469173,0.6189764,0.94541687,0.44823655,0.97559,0.21448664,0.3728721,0.60459495,0.01770398,0.03861546,0.05682485
0.099370115,0.061833907,0.11052141,0.11644087,0.7842889,0.97267634,0.2003807,0.10832169,0.4441855,0.43496785,0.26767376,0.44740483,0.52394724,0.55418336,0.036220573,0.4243029,0.3020426,0.7016123,0.5625966,0.16046585,0.26933917,0.5768905,0.6022561,0.920304,0.38265094,0.9411394,0.24275696,0.50887686,0.6093159,-0.040813234,0.066523656,0.12817176
0.029678954,0.073479034,0.119182706,0.08746245,0.9893065,1.0,0.13317055,0.18773012,0.37465248,0.38227502,0.33208323,0.45302486,0.58130604,0.6990121,0.09279441,0.3406498,0.2387209,0.78015155,0.6796315,0.26745495,0.31070167,0.6003856,0.6133484,0.9480813,0.285013,0.96857995,0.3213112,0.39389384,0.46685386,-0.067048736,0.016840706,-0.018935123
0.09282764,0.04216048,0.071658276,0.14881057,0.9740403,0.9602801,0.17490709,0.17135732,0.343644,0.5323575,0.30256447,0.2693456,0.574187,0.60493803,0.0,0.46794605,0.3331275,0.6999505,0.5907757,0.22877987,0.3536714,0.56219524,0.55006385,0.90345687,0.3324906,0.98319435,0.3165578,0.32400426,0.6628835,0.036821023,0.008242786,-0.0723392
0.12673186,0.2104757,0.17618416,0.01966938,0.9724335,0.9964908,0.10261939,0.19797619,0.3622211,0.46817994,0.33663663,0.29585096,0.58053035,0.6901701,0.05890733,0.50496227,0.24594219,0.80857486,0.46656343,0.34962878,0.33856472,0.5607739,0.67090625,0.9818695,0.30516332,0.8860919,0.24189346,0.439947,0.5677471,0.03202376,-0.020247659,-0.15881945
0.03620194,0.06927806,0.06860146,0.042083275,0.95613545,0.9786584,0.1404922,0.16669774,0.3006604,0.39005098,0.3949553,0.24470241,0.5280128,0.67855453,0.0,0.42384398,0.19971819,0.81514114,0.46791086,0.12890328,0.29198745,0.5852513,0.54498696,0.9397475,0.38200304,1.0,0.22283275,0.494267,0.6059084,-0.10416144,-0.13534862,-0.1067697
0.035926577,0.016746499,0.10616422,0.06653371,1.0,0.92329437,0.33719006,0.26313886,0.44503865,0.41942582,0.36212897,0.45452285,0.5750468,0.7112476,0.0565585,0.35715517,0.27383575,0.6857548,0.52886015,0.4001929,0.2398159,0.5576129,0.6107965,0.942926,0.37158862,0.88787955,0.15687288,0.4523888,0.71756744,-0.16947417,0.032939173,-0.057987515
0.13492672,0.0,0.097838216,0.02999623,0.9001762,0.9687386,0.14453061,0.2156799,0.39284238,0.32498193,0.22596802,0.31575653,0.5722907,0.75427157,0.0,0.42018163,0.17396586,0.7889061,0.5270669,0.13784367,0.28608897,0.53984445,0.5301283,0.81280047,0.33987653,0.98192483,0.32411563,0.5389785,0.5777417,-0.03773622,0.06873444,-0.12383131
0.043335017,0.08737472,0.011007749,0.041741025,1.0,0.9441007,0.21418537,0.2298712,0.44518408,0.38383934,0.49553037,0.42584372,0.60160756,0.55324024,0.05498666,0.48405385,0.13352907,0.76468676,0.6123341,0.16321571,0.2715603,0.55062705,0.5174776,0.7917132,0.28776014,0.92272073,0.22676127,0.52877873,0.5295437,-0.032284103,0.080964945,0.005324669
0.078462556,0.10492133,0.07701221,0.14239347,0.93372726,0.9817577,0.18818557,0.24529187,0.38057068,0.42174828,0.48901772,0.285569,0.6056054,0.65730214,0.0820232,0.48036075,0.2539183,0.8010688,0.56722707,0.18630964,0.20376696,0.6471567,0.56315464,0.9324022,0.2827064,0.98378277,0.35095194,0.44170448,0.55937135,-0.121760935,-0.042822734,-0.14581262
0.13409434,0.06482088,0.09420582,0.14392444,0.9719534,0.9586594,0.09214765,0.20482771,0.49210688,0.38181558,0.35533726,0.23971738,0.6162624,0.652909,0.0,0.5362718,0.29399446,0.76208264,0.5420193,0.23914303,0.28933498,0.5228723,0.5895831,0.919271,0.33393875,0.9103115,0.29141843,0.48301363,0.43454757,-0.061667364,0.0119347125,-0.01171238
0.071249016,0.041042466,0.06352051,0.11093351,0.98351294,1.0,0.17656249,0.10389214,0.51689446,0.3583678,0.43686137,0.34481668,0.5880142,0.684284,0.0,0.43051955,0.19951145,0.8471332,0.48149648,0.19827688,0.2569146,0.57446796,0.61986893,0.9662042,0.27437243,0.92413855,0.19039583,0.5672322,0.49617335,0.08297931,0.035463583,-0.13269572
0.042987894,0.16658463,0.0926637,0.08646066,0.9875574,0.9966288,0.29713538,0.1582256,0.3271165,0.34500507,0.51971084,0.156378,0.55919266,0.51386666,0.06645598,0.376475,0.23003788,0.89560866,0.49218932,0.2174687,0.28700247,0.64244205,0.6080159,0.9324916,0.24230194,0.9451666,0.24408595,0.4570552,0.47040352,-0.0067775794,-0.05604722,-0.18836252
0.056722943,0.019514883,0.0225944,0.04943566,0.9644513,0.9499552,0.17906721,0.2955037,0.43178,0.5033123,0.38373792,0.34321752,0.6335553,0.6122528,0.015189578,0.4109591,0.32309002,0.8052256,0.59223026,0.33456096,0.18486424,0.5899708,0.5696212,0.98547864,0.24700816,0.8636265,0.16991192,0.3528072,0.62824136,0.100303836,0.025041873,-0.08499781
0.0009945942,0.03873,0.06958786,0.0,0.9780841,0.9918051,0.26696223,0.19371985,0.39302108,0.4257575,0.37673667,0.45087218,0.59002465,0.6349127,0.0017126923,0.42028412,0.2099138,0.9012542,0.5973878,0.31979764,0.163455,0.63016826,0.45537445,0.9019921,0.37459037,0.9837106,0.21126549,0.48932505,0.57655805,-0.14309372,0.011853154,-0.101890735
0.047802627,0.0899834,0.09344656,0.06569304,1.0,0.9940893,0.16678327,0.17090969,0.4678053,0.41466966,0.4077897,0.2997986,0.66869193,0.7305829,0.06251142,0.41349778,0.18250121,0.73158664,0.41971597,0.27716538,0.22010009,0.6786645,0.58628315,0.95969135,0.2833183,0.96860796,0.3248577,0.4191256,0.5271229,-0.06283321,-0.0112603055,-0.07777981
0.0062623727,0.015757306,0.08694049,0.1377676,0.8672032,0.96015453,0.15336369,0.07978665,0.36452594,0.3385729,0.41427222,0.43427,0.54558855,0.6019427,0.0,0.32348803,0.17939019,0.85557586,0.5315458,0.05880642,0.21036606,0.62402815,0.54165834,0.8461523,0.2862247,0.97010356,0.24600758,0.48132476,0.40587947,0.07470286,-0.08551115,-0.033171114
0.01729978,0.097817145,0.06879997,0.12318534,0.9096623,0.91389304,0.16994558,0.20784257,0.3701742,0.39092335,0.25311223,0.32188615,0.5844164,0.58597964,0.11451491,0.40637758,0.2563241,0.88236666,0.55999607,0.37107673,0.14922842,0.68163186,0.53313166,0.9381299,0.31680027,0.9800789,0.30937946,0.4027624,0.53335327,-0.0280122,0.055348683,-0.029858502
0.06029752,0.008243061,0.08181722,0.006674145,0.9897652,0.990649,0.16214286,0.076079644,0.41788864,0.33001375,0.34613082,0.43631914,0.6591335,0.67760533,0.046875015,0.48538503,0.124986015,0.7843142,0.61124223,0.23137479,0.17818308,0.6071096,0.6468014,0.8597858,0.13213961,0.9231333,0.32130396,0.49582827,0.49166498,-0.19221,-0.0061035254,-0.07008571
0.053140018,0.0,0.05644235,0.10381454,1.0,1.0,0.20030443,0.097337864,0.37730345,0.40307215,0.25701556,0.5179708,0.6609525,0.6313233,0.031715836,0.3786489,0.32862887,0.81430966,0.5603184,0.25263855,0.23595281,0.59531116,0.6294541,0.95228714,0.23683159,0.98264337,0.29380217,0.41848275,0.55570155,-0.00836876,-0.085067235,-0.01962666
0.0,0.0751358,0.011334035,0.053751495,0.9603493,1.0,0.15220873,0.19066429,0.44064462,0.38978505,0.24512155,0.42826208,0.57817936,0.66552025,0.08383245,0.3908864,0.14993306,0.82366824,0.47812152,0.2871885,0.18646823,0.5329295,0.60746044,0.9312902,0.27664885,0.91135377,0.29200527,0.5039765,0.6119118,-0.002251414,-0.03406926,-0.15021153
0.08509905,0.0,0.010721746,0.023520732,0.97496104,1.0,0.19838828,0.20335026,0.42251185,0.4495809,0.2280103,0.457266,0.6860948,0.74421614,0.06747987,0.4448955,0.25359437,0.7965506,0.65738004,0.2980113,0.175945,0.6336655,0.6021752,0.9786021,0.13894054,0.96294785,0.23557629,0.4321271,0.6217308,-0.16220021,-0.1201888,0.029455753
0.0,0.109404325,0.056407675,0.010727451,0.9776342,0.91049963,0.15347748,0.17159678,0.44948688,0.4501209,0.2693948,0.5241601,0.5501767,0.67137575,0.15436529,0.3533261,0.19089365,0.7245018,0.55584526,0.2901579,0.1907397,0.48067865,0.6513282,0.91534877,0.33233073,0.996572,0.14126979,0.4412817,0.51678425,-0.069193825,-0.0001959006,-0.04288901
0.0032304842,0.052063454,0.07457899,0.0039015189,0.9778195,0.8708369,0.15868963,0.2018023,0.29997084,0.48910877,0.3174388,0.3805945,0.6107748,0.71251863,0.06489853,0.38764396,0.2191472,0.6996655,0.7176282,0.30572477,0.27889514,0.5126321,0.60308623,0.9746489,0.30858094,0.9785237,0.2834943,0.48249498,0.5929263,0.0078006685,-0.08165017,-0.14207292
0.0617113,0.08411557,0.14776205,0.0,0.9687517,0.96671015,0.17403884,0.12956454,0.38008514,0.49810353,0.36175498,0.29833964,0.6010089,0.66385114,0.08281335,0.448982,0.3136329,0.7667785,0.45726225,0.3317463,0.16553816,0.5989898,0.59353817,0.9151562,0.2675946,0.9790327,0.1911297,0.47138226,0.5716924,-0.1155934,-0.039644536,-0.112456225
0.029598596,0.009650786,0.11520088,0.051251393,0.93416196,1.0,0.21332748,0.16322012,0.4177475,0.37908617,0.46980986,0.4165405,0.56500643,0.6561532,0.11713465,0.446329,0.13925765,0.80469537,0.5321531,0.2794827,0.23497514,0.6062944,0.46576646,0.9868236,0.19009171,0.9783395,0.34794974,0.4908862,0.5242488,-0.20467229,-0.08709011,-0.08465955
0.029785708,0.07624583,0.07018658,0.10536162,0.91208726,0.92587495,0.19676329,0.15521856,0.47996783,0.45444927,0.3783877,0.30994174,0.678801,0.7866486,0.046038926,0.374455,0.28181073,0.7201943,0.50317246,0.17541175,0.16912322,0.49494612,0.5593472,0.94598216,0.12070229,0.9466339,0.26561567,0.4520804,0.52939326,-0.1654033,-0.051060837,-0.10806731
0.120210536,0.10232278,0.16337529,0.099827684,0.93762153,0.97446185,0.23432483,0.18259545,0.40708613,0.46994224,0.31407773,0.35820317,0.6104161,0.69092304,0.12396679,0.42588934,0.2690686,0.89713526,0.630058,0.3688531,0.24452882,0.517086,0.6489566,0.9382977,0.25235125,0.9784302,0.273762,0.36265826,0.6420429,-0.07758976,0.009671542,-0.031889465
0.10350075,0.08664695,0.079852395,0.09750784,0.97271776,0.99752814,0.13928631,0.1268144,0.4431387,0.3403965,0.41939655,0.28023794,0.71940327,0.70134956,0.050019443,0.53477925,0.38400578,0.7287281,0.52488613,0.35760102,0.2747886,0.55588824,0.48592076,0.9288275,0.35041335,0.94951993,0.2649205,0.36329255,0.5632753,-0.028009811,-0.13507694,-0.06460483
0.074581735,0.08230037,0.11222991,0.12742706,1.0,0.93698174,0.14740331,0.1659409,0.39341047,0.51895976,0.38524055,0.19993283,0.6776674,0.6802578,0.02522803,0.49318632,0.2813142,0.89544874,0.6158348,0.36983904,0.33067453,0.6275576,0.39799747,0.9740329,0.32949248,0.9770406,0.25012815,0.34692243,0.51986456,-0.12306136,0.013110365,0.083743416
0.13115184,0.1741042,0.13849954,0.034047876,0.94643396,0.96740985,0.18690945,0.24023277,0.36922362,0.41645062,0.53588915,0.26670095,0.540044,0.61464167,0.025578083,0.49119577,0.20378308,0.80661136,0.5774367,0.30056015,0.33743262,0.5021294,0.63157433,0.9345712,0.32583368,0.9793512,0.15972807,0.42884138,0.63701993,-0.24588795,-0.016892605,-0.08632042
0.010071756,0.05868283,0.042828977,0.03499024,0.96765304,0.9849089,0.21053332,0.21892945,0.43979207,0.47429466,0.48698136,0.33203685,0.49711934,0.62009627,0.024557227,0.4681196,0.36108458,0.8242068,0.69528073,0.26908526,0.2980182,0.47842667,0.5306199,0.8932679,0.34456348,0.9002984,0.3632282,0.37194124,0.57234985,-0.12872192,-0.09797885,0.06451842
0.13177253,0.030561201,0.023642434,0.07444484,0.9606034,0.9188574,0.17446782,0.25313133,0.3712872,0.62706465,0.3694112,0.3256265,0.6267572,0.5966366,0.1391014,0.3611327,0.25296023,0.7041542,0.5169416,0.1966895,0.31144083,0.47833166,0.68892175,0.92265815,0.31752634,0.9942998,0.236326,0.322053,0.63215,-0.17840368,-0.051511843,-0.0992556
0.12231615,0.06580744,0.016929535,0.06467016,1.0,0.92947197,0.13154565,0.212636,0.33626595,0.5322702,0.4725848,0.37052462,0.6278691,0.7169464,0.03300832,0.5743712,0.37486807,0.7132035,0.53375006,0.33449972,0.3096989,0.57562155,0.51956993,0.9614853,0.24404006,0.93738526,0.17962247,0.2178042,0.6076789,-0.100173034,0.0001788487,-0.057651985
0.08903554,0.052472983,0.07676561,0.029149285,0.9199624,0.98855877,0.13674319,0.19486855,0.51119035,0.43000862,0.4138535,0.28193453,0.56585604,0.69223666,0.16261004,0.41163614,0.48730147,0.7687335,0.4147342,0.3511251,0.25923833,0.61655766,0.51419216,0.965511,0.3390347,0.9384299,0.16532467,0.2266661,0.45388532,-0.08268467,-0.007062269,-0.048812225
0.031107238,0.0,0.018893257,0.063387096,1.0,1.0,0.22114344,0.12146697,0.32002312,0.51050735,0.36320898,0.19624491,0.7301383,0.6448446,0.020009736,0.39637816,0.27874434,0.6617138,0.5919692,0.34203234,0.18513288,0.512897,0.58551663,0.9372949,0.25804374,0.93184704,0.35138163,0.2178749,0.41835976,-0.08967201,0.015583452,0.021700472
0.040637862,0.025824243,0.036909718,0.11553827,0.96101564,0.95503825,0.15321569,0.2537147,0.40893194,0.43721795,0.44275066,0.3782544,0.48545226,0.6794943,0.14174844,0.4970816,0.32381567,0.90182686,0.4865036,0.2997476,0.16956234,0.626836,0.5146761,0.9647929,0.25746194,0.91379005,0.2687184,0.23381579,0.18775396,-0.063507214,-0.093636714,-0.00048354547
0.08800822,0.018240027,0.070805974,0.046686064,0.97957975,0.9221291,0.23388575,0.23213227,0.36412778,0.4646221,0.3927621,0.2623097,0.58789015,0.6094546,0.055161316,0.51510054,0.365587,0.91427064,0.65188,0.28860545,0.21128882,0.6669418,0.63279384,0.88590354,0.29543126,0.89365244,0.27860886,0.20476079,0.3406012,-0.06735756,-0.07497952,-0.053127468
0.014668173,0.08283224,0.12812494,0.08405008,0.9346466,0.91434175,0.19520074,0.18501113,0.48446694,0.50844693,0.303561,0.39346662,0.58023405,0.5928079,0.14062436,0.46367788,0.2382462,0.87621164,0.5062971,0.33128002,0.2958412,0.55443794,0.5205762,0.95517826,0.37766388,0.96936846,0.38514873,0.15623999,0.27237967,-0.065689005,-0.05478558,-0.020844327
0.03663104,0.119089775,0.07691211,0.0,0.9609484,0.95443803,0.09722364,0.13567309,0.5487729,0.44773102,0.38203344,0.31444344,0.6069917,0.6687054,0.0973166,0.5207085,0.3205059,0.814312,0.66301185,0.29206505,0.2308579,0.5884614,0.5753425,0.85707206,0.24968247,0.873981,0.30008617,0.20462961,0.16012509,-0.12973435,0.014134987,-0.0082811555
0.016020106,0.07338348,0.15144165,0.04147349,1.0,0.97716993,0.27984512,0.20568933,0.45219412,0.5188889,0.5346842,0.3190049,0.43107033,0.49580956,0.27862215,0.42659232,0.34246826,0.7261875,0.7343866,0.28596973,0.35650468,0.5700827,0.7220888,0.86010385,0.43924865,0.87299776,0.28168094,0.1389323,0.13011326,-0.08393782,-0.038281698,0.04532376
0.05398849,0.0955466,0.0,0.09321103,0.8860917,0.9761612,0.20485757,0.20963441,0.462671,0.45878243,0.36632827,0.3526605,0.4984808,0.5013196,0.27742204,0.41054976,0.37384596,0.7134144,0.62907606,0.5190767,0.46450523,0.6123177,0.6595811,0.82473093,0.31401792,0.921015,0.28087795,0.22739519,0.07788945,-0.096221864,0.114471346,-0.0017097046
0.13264215,0.15719102,0.031667892,0.13209409,0.99260944,0.93806744,0.21153893,0.24281238,0.45447072,0.5684928,0.4873625,0.34344664,0.4510779,0.48289433,0.323294,0.32013163,0.40266463,0.80666685,0.55211055,0.33375168,0.3639098,0.5336463,0.6106225,0.8411937,0.25750753,0.88292044,0.33466342,0.13032076,0.23855364,0.00023380916,-0.0007047604,-0.035804164
0.12211748,0.082496874,0.16089402,0.16830122,0.9562859,0.9508684,0.19424903,0.28955254,0.40414068,0.32396528,0.32852903,0.4971288,0.53527373,0.47251487,0.2735214,0.46634218,0.29071817,0.74202126,0.4486746,0.38821617,0.30485615,0.636713,0.51533115,0.86932087,0.16801994,0.8571501,0.41673386,0.16939068,0.26713884,0.04916212,0.14445017,-0.10312796
0.16870393,0.19716568,0.09718522,0.12699391,0.9202047,0.8663454,0.24748331,0.23943634,0.36049628,0.4150586,0.30924487,0.19738917,0.4620364,0.48754838,0.31788272,0.40878025,0.38604426,0.7233786,0.5819787,0.4181755,0.34397623,0.555707,0.6936305,0.8675785,0.44039783,0.7422974,0.41683862,0.192639,0.27528998,0.054526437,0.059978735,0.032238174
0.20437996,0.22860853,0.252246,0.18118882,0.9331932,0.9316392,0.296109,0.15843081,0.3582231,0.4231447,0.30451462,0.40059713,0.3846581,0.37894645,0.3674289,0.4224683,0.39517066,0.7749653,0.5850614,0.57695,0.5514384,0.44918,0.58744925,0.8246145,0.37265673,0.84322184,0.37709722,0.1297101,0.3933613,0.018903175,0.011059336,-0.112921625
0.2973247,0.20279889,0.3888686,0.36502314,0.96840644,0.96872616,0.09604754,0.19088976,0.3587055,0.32503316,0.32825696,0.38268307,0.409381,0.45010504,0.43512878,0.4255834,0.54912966,0.84438354,0.5239832,0.527371,0.666313,0.50148386,0.49619302,0.7899682,0.3205237,0.6896725,0.28749406,0.06907577,0.37233615,0.10913301,-0.01958252,0.034715865
0.33484375,0.38253665,0.65327156,0.65085846,1.0,0.93779296,0.22390564,0.19816284,0.3130577,0.4905654,0.4247037,0.48408484,0.28379652,0.4178628,0.5623186,0.35765132,0.6615521,0.8032818,0.6645264,0.5544746,0.6210929,0.5667998,0.4160713,0.83034974,0.3973534,0.8045602,0.39247963,0.10244975,0.24206698,0.040460866,0.088471286,0.064838134
0.47742558,0.47243395,0.69287235,0.5930722,0.9755315,0.9348111,0.26015902,0.22116096,0.3624076,0.4589161,0.34029093,0.38978946,0.40796503,0.34599766,0.553519,0.27384248,0.7675304,0.74849486,0.50104076,0.6727224,0.6906406,0.46214285,0.5000077,0.8182369,0.33452594,0.9016803,0.40058717,0.09971428,0.24888492,-0.09985087,0.09299152,0.0012072101
0.27974185,0.39349613,0.6448718,0.6526185,0.92620987,0.910381,0.15967067,0.26868522,0.34882617,0.3785689,0.31195876,0.30900618,0.38813004,0.2914147,0.5485738,0.2729139,0.79227763,0.7284162,0.43454683,0.74502724,0.7018065,0.4323974,0.40163347,0.68165207,0.5034359,0.7491793,0.49311376,0.15548827,0.32907096,-0.032853097,0.007972106,-0.027347311
0.29041585,0.35719022,0.6281242,0.523436,0.9119146,0.9238317,0.19261856,0.30766547,0.32903457,0.33110392,0.2978191,0.39609775,0.34412554,0.31651482,0.6470819,0.38111687,0.78010315,0.7636871,0.38318446,0.7374084,0.8414313,0.30315772,0.40810242,0.7280357,0.42313612,0.67066693,0.3128949,0.01653759,0.30581072,-0.011218086,0.0588387,-0.04820766
0.20228218,0.19634014,0.29364836,0.4227097,0.91567427,0.95436114,0.25669584,0.25709945,0.36003575,0.44914922,0.2818842,0.40922347,0.40550363,0.3094736,0.6384957,0.26858255,0.7791352,0.73627853,0.5064835,0.87181205,0.7125952,0.5261032,0.40840665,0.8468719,0.44575095,0.83368593,0.3094068,0.20392527,0.41493008,0.1017952,0.13941498,0.055544753
0.24086668,0.3210721,0.51458114,0.5245119,0.9993594,0.97238225,0.2456578,0.25018314,0.47819877,0.42310998,0.38869587,0.50869155,0.32863253,0.46513772,0.7163296,0.4016957,0.7459474,0.629446,0.5078109,0.8017388,0.7024601,0.45990303,0.43497387,0.76613283,0.30936968,0.79755896,0.32006887,0.09961363,0.3311919,-0.019651514,0.13007496,-0.008674064
0.4943644,0.39296138,0.7086981,0.66774493,0.94253355,1.0,0.27060392,0.24076723,0.30118087,0.513524,0.3285891,0.32898113,0.3012022,0.35997054,0.5958733,0.23509054,0.708848,0.6385884,0.30539683,0.61545676,0.7914722,0.38315868,0.37863135,0.7520812,0.4074506,0.7805422,0.29008594,0.06956092,0.35448202,0.040289953,-0.06768357,0.029271951
0.3732569,0.34199062,0.67822695,0.70979834,0.9688647,0.9013314,0.09318318,0.10358038,0.450238,0.43597558,0.31764635,0.42124236,0.36639443,0.24963792,0.6794367,0.3015901,0.7431372,0.79035157,0.36602128,0.80406016,0.7747717,0.4944266,0.31028956,0.91404676,0.40351042,0.7765896,0.4141854,0.06412824,0.53283495,0.041107703,0.04714733,-0.047389034
0.19622779,0.3739091,0.46986234,0.44444597,0.89302975,0.9906265,0.26563758,0.12400017,0.29116324,0.5401345,0.37694886,0.41536513,0.42952278,0.41113463,0.58129334,0.40491644,0.667134,0.6547914,0.5064603,0.65967417,0.66999847,0.51562685,0.524772,0.72553843,0.41640064,0.8194794,0.27804068,0.12220842,0.38315716,-0.0909993,-0.11848908,0.12327403
0.18571807,0.28540695,0.42954704,0.58209324,0.95990354,0.8606837,0.22481938,0.25476304,0.27260733,0.4752678,0.38055977,0.38186404,0.40176892,0.42067018,0.5810279,0.33385214,0.7049647,0.68676895,0.4413391,0.72998446,0.8125551,0.32384425,0.4172407,0.8033137,0.21842514,0.7333312,0.32756636,0.25858617,0.46730247,0.029545734,0.025254766,0.020642204
0.40631756,0.425987,0.7434905,0.74088126,0.9809933,0.94753927,0.35462865,0.25157568,0.49762332,0.387249,0.40341362,0.42918944,0.37201652,0.39750376,0.7606394,0.32095507,0.90699273,0.70379907,0.42217985,0.88772684,0.92849684,0.31822065,0.4478407,0.7415662,0.3247496,0.738414,0.34632984,0.11379311,0.49860787,-0.07796975,-0.07947292,-0.010503682
0.43605348,0.5040632,0.89548016,0.9206616,0.9164718,1.0,0.29946426,0.23109792,0.3085326,0.24917467,0.3567498,0.3657601,0.29619214,0.2159658,0.7629587,0.23630126,0.8702882,0.81296915,0.34956813,0.9147217,0.9385476,0.38798007,0.37203813,0.8381569,0.38013172,0.7912976,0.41980234,0.07083523,0.51361763,0.042160247,-0.030350132,-0.08656061
0.3503898,0.38791433,0.71102095,0.7450211,0.93733376,1.0,0.09910605,0.23226853,0.4099574,0.48708177,0.38923845,0.44727325,0.42665878,0.22059067,0.8083338,0.3481308,0.8442273,0.64817023,0.29130897,0.8262035,0.94019336,0.30335215,0.45494056,0.8324596,0.28333905,0.7625571,0.355101,0.0,0.5507069,-0.060059246,0.00850339,-0.07750112
0.48362052,0.477782,0.89301205,0.8297532,0.89523095,0.9517691,0.119239606,0.17368068,0.4907407,0.4119779,0.24301076,0.57478166,0.3292005,0.23556574,0.86109895,0.32767227,0.91803926,0.711252,0.3799615,0.9208219,0.9154845,0.33743778,0.32523966,0.65112585,0.21261792,0.8059015,0.4150451,0.065784484,0.58144677,0.014626364,-0.09539846,-0.0007677202
0.5775182,0.513012,0.9131295,0.89900804,0.89421016,0.95535827,0.15834107,0.15891162,0.38550648,0.46795583,0.24646127,0.30534905,0.37142608,0.35323265,0.74950695,0.23498543,0.938711,0.5542776,0.33906552,0.9672444,0.91128016,0.332631,0.32241556,0.9308617,0.3710549,0.64232403,0.40530536,0.16247,0.529534,-0.0041339546,0.06509268,-0.09396851
0.5514293,0.4470004,0.968877,0.8543406,0.96043044,0.91413134,0.11944749,0.1580673,0.5770485,0.44997552,0.36975434,0.40235314,0.28983533,0.30122787,0.7622748,0.23221116,0.9658596,0.6550257,0.2775444,0.83009166,0.9102219,0.27302006,0.28390113,0.6992162,0.32472196,0.8100207,0.40612766,0.09055456,0.5888026,-0.068739764,0.0051294775,0.025047854
0.5399023,0.5070713,0.88650566,0.9535931,0.90364724,0.93391967,0.040729426,0.17261285,0.35439953,0.43852535,0.38490787,0.3834885,0.18342143,0.25842115,0.90147066,0.16928275,0.93474835,0.6769479,0.3496673,1.0,0.9659827,0.31014204,0.34570435,0.6412286,0.42905226,0.65716004,0.40245223,0.15301149,0.5223914,0.21748964,-0.11213422,0.0652704
0.51913244,0.5239363,0.9642887,0.898822,0.99134135,0.8858177,0.13211612,0.135347,0.4576727,0.4640502,0.2380019,0.46906924,0.29190138,0.16521204,0.9860341,0.15997276,0.85184425,0.57054156,0.31098148,0.95992404,0.9725902,0.32751724,0.2858869,0.69808704,0.39924005,0.8214989,0.50499535,0.008233669,0.56355333,0.03091869,-0.085138924,0.10799944
0.54161215,0.437863,0.91608673,0.7762324,1.0,0.93674284,0.20680754,0.3052518,0.40875074,0.34941936,0.40875888,0.5243344,0.14862536,0.19879472,0.9671478,0.17982836,0.97469705,0.6856087,0.17206848,0.99138933,0.90606385,0.41369414,0.29888687,0.5984181,0.4222354,0.533791,0.50472873,0.04626515,0.50697947,0.1757648,-0.10994778,-0.13740481
0.5497795,0.4391481,0.93822217,0.78558797,1.0,0.9644726,0.17431329,0.1451356,0.37428543,0.4496387,0.25485495,0.3341017,0.17151435,0.13567775,0.9732112,0.22796917,0.9301556,0.67993164,0.38850865,0.988966,0.9156378,0.29151472,0.23084815,0.69665784,0.34708282,0.64156306,0.3844727,0.021392146,0.45843044,0.075825736,-0.13634516,-0.023061737
0.62228155,0.55950075,0.9554526,0.89777905,0.95183116,0.97813445,0.22235112,0.15429823,0.3909111,0.36260977,0.3253651,0.457502,0.13575941,0.22944362,1.0,0.29603243,0.93296766,0.6500074,0.2262251,0.9224982,0.9581446,0.2826486,0.3551632,0.628902,0.35766438,0.6898816,0.39825752,0.07187273,0.55429834,0.16920035,-0.19453712,0.06302096
0.5863685,0.48827374,0.89256865,0.90673304,0.9985183,0.9550183,0.25748214,0.18134727,0.47707513,0.46120286,0.227518,0.2593299,0.084100164,0.19135089,0.96621585,0.22151941,0.95395344,0.76047665,0.266803,0.8870764,0.9344125,0.3835844,0.25650346,0.62615675,0.3298343,0.5349857,0.4410188,0.0622403,0.51894903,0.2652047,-0.06820786,0.020916268
0.46062803,0.4433403,0.96968484,0.94672316,0.90256673,0.93782705,0.20475274,0.22747523,0.44543552,0.3038136,0.26915064,0.38849747,0.14179987,0.14836775,0.93870753,0.18788028,0.89818126,0.6697774,0.2537229,0.97486824,0.9441927,0.23502524,0.22460528,0.6196024,0.44037735,0.6356171,0.45925513,0.01817354,0.52498037,0.17145115,-0.011374454,-0.021664282
0.53147167,0.6083327,0.95904136,0.985646,0.92135483,0.95718646,0.18578875,0.2769601,0.3293654,0.4307035,0.40997085,0.39551505,0.1445247,0.12622029,1.0,0.27970943,0.9506361,0.6805094,0.2249422,0.9419959,0.884836,0.3848021,0.27888578,0.55330044,0.4753894,0.68263555,0.49296236,0.022247469,0.53713137,0.052827805,-0.0981228,0.015225937
0.50806296,0.5762126,0.9704563,0.92383194,0.9581596,0.9312833,0.2823521,0.25401056,0.3809209,0.39513883,0.32039073,0.38224006,0.17720266,0.16543655,0.9169178,0.34160137,0.83760256,0.600007,0.28838933,0.9086142,0.8504999,0.2799655,0.40444076,0.6289737,0.35595003,0.6172406,0.4876083,0.080533825,0.53360415,0.2231542,-0.17737786,0.060013454
0.58504254,0.5940109,0.91686684,0.99355555,0.8453896,1.0,0.21632303,0.19142155,0.40319976,0.37816525,0.27098924,0.29228714,0.2861339,0.20726764,0.8944939,0.2358076,0.82106906,0.6987624,0.3518667,0.6402402,0.9011729,0.36018106,0.3777487,0.6172694,0.47473815,0.6226714,0.3143594,0.045254122,0.37563214,0.06517899,0.014884551,-0.052693326
0.48832163,0.5424718,0.8829467,1.0,0.9369707,0.95161563,0.26660013,0.15507753,0.47204542,0.45003343,0.35837722,0.43192783,0.28718153,0.14066093,0.8900427,0.31718236,0.7573543,0.58743054,0.27952668,0.78363055,0.8612507,0.30275205,0.465309,0.67606425,0.22422194,0.6262429,0.36299,0.08414773,0.47941867,0.21559227,-0.0074085095,-0.086970985
0.60118,0.5320083,1.0,1.0,0.91218156,0.91329175,0.11896926,0.23498857,0.348281,0.40836668,0.26907334,0.4421713,0.31609356,0.25141427,0.7808573,0.39418188,0.7969325,0.62075263,0.23171361,0.8010232,0.7987706,0.44847313,0.29771367,0.66953737,0.39662656,0.7302189,0.46969584,0.08309142,0.4374802,0.1068084,-0.047242988,-0.01845768
0.41084746,0.3291239,0.70002717,0.6437784,0.95831966,0.9327152,0.19092424,0.1689144,0.4435688,0.43832138,0.3600804,0.25980783,0.26404512,0.43673062,0.45658335,0.27696973,0.6124901,0.7685685,0.4827198,0.5899686,0.5738388,0.38826275,0.4269371,0.8705494,0.30840275,0.7602945,0.39413014,0.0074273148,0.747588,-0.009210472,0.011008318,-0.0028870627
0.32513812,0.32864854,0.52795595,0.564343,0.9697532,0.9147923,0.18068647,0.15142,0.5109733,0.52325886,0.2821268,0.33347917,0.28194308,0.26494536,0.43702757,0.31682658,0.62992716,0.77547044,0.48041844,0.5766441,0.5310691,0.6198924,0.42489123,0.7063878,0.27754653,0.69115716,0.24170458,0.13946532,0.59044474,0.0012210769,0.02579248,-0.040931527
0.19125156,0.25110433,0.38503098,0.3820432,0.9789931,0.9064838,0.1938746,0.32872745,0.33566913,0.4673923,0.35157904,0.35834154,0.19658883,0.33394542,0.37890676,0.31898955,0.6055875,0.9179341,0.36024773,0.5927132,0.58284324,0.5296084,0.57685333,0.69996434,0.32741335,0.6933584,0.34958422,0.10070151,0.7250232,-0.04356292,-0.083303265,-0.062109087
0.32166427,0.16168839,0.5296478,0.41582415,0.99139047,0.9858243,0.2304564,0.41966414,0.4809257,0.47328463,0.4012992,0.31667444,0.27823287,0.31786785,0.38999137,0.35815546,0.6872177,0.8191512,0.55376446,0.6938699,0.47317514,0.5104884,0.47318077,0.69454145,0.4287416,0.7913744,0.28872755,0.06560799,0.63955736,-0.032590877,-0.0076717585,-0.09961408
0.09056965,0.16284557,0.26498476,0.28698418,0.92450976,0.95299643,0.21166432,0.21996576,0.33385754,0.34952757,0.4218707,0.3886083,0.37580636,0.47475624,0.15129471,0.47312835,0.47294438,0.8535638,0.5326689,0.41932115,0.42125425,0.39250636,0.5652553,0.76945347,0.27513835,1.0,0.3535091,0.17872141,0.7380573,0.024087114,-0.100401886,-0.07359836
0.079016455,0.07438441,0.15639572,0.118627466,0.98244935,0.99123615,0.24678357,0.24832265,0.42811075,0.38604864,0.45742893,0.2865652,0.44156757,0.43338814,0.06377172,0.4796044,0.39674702,0.6987696,0.5086288,0.42784056,0.41889083,0.38157353,0.5505022,0.85765773,0.35160664,0.83911437,0.28794268,0.11804881,0.6407432,0.11401548,0.046500783,0.05655502
0.11273303,0.08179626,0.16383104,0.13530856,1.0,0.9992669,0.16569501,0.15541503,0.4256498,0.46033874,0.3360329,0.38984337,0.52633667,0.4828849,0.09223997,0.28742266,0.3946943,0.7262842,0.60014296,0.35057926,0.26646852,0.41609585,0.5436128,0.76559323,0.17830016,0.92137265,0.38909623,0.0805137,0.53286344,-0.2016991,0.10285151,-0.049337234
0.0066977465,0.12862001,0.035315074,0.12914665,0.9266739,0.9894614,0.046961308,0.27828452,0.4103527,0.3879466,0.4048566,0.32174408,0.5027719,0.47230485,0.025922395,0.45394102,0.32671866,0.78438145,0.6062637,0.2495445,0.33027276,0.566017,0.55844754,0.854029,0.46553776,0.8309228,0.27024895,0.17524439,0.5680168,0.08412814,0.12641716,-0.089066476
0.053173587,0.117184974,0.15903361,0.038015254,0.9960163,0.94618696,0.13228151,0.18995683,0.36644635,0.40633187,0.41293016,0.39733753,0.5833053,0.5014207,0.03767557,0.4757638,0.24759245,0.7879408,0.4632827,0.1907103,0.3069453,0.53464925,0.5388194,0.83377695,0.26655972,0.83027977,0.32805678,0.14456917,0.5104926,-0.092446335,-0.055303518,-0.1582751
0.07681293,0.0606835,0.08414855,0.011103849,0.99997085,0.98573333,0.20967239,0.14489667,0.44196722,0.3787773,0.3602705,0.26915273,0.44508624,0.4768987,0.024851933,0.34360754,0.32715198,0.8053513,0.50677043,0.27114,0.317392,0.45392787,0.6165712,0.791694,0.29053637,0.91643476,0.2648851,0.14171498,0.55741256,0.06994791,0.051352542,0.012568613
0.0,0.05964424,0.045902982,0.014172207,0.9551541,0.9609392,0.14079924,0.084583245,0.24102731,0.36217627,0.40470886,0.28188965,0.5296793,0.42016673,0.06890487,0.41613725,0.3904256,0.8210969,0.55600816,0.46917057,0.50690633,0.51144785,0.546133,0.88764507,0.25580093,0.78893024,0.3212485,0.15839718,0.42214787,-0.0019592445,0.06063203,-0.03159358
0.060983706,0.12385374,0.038955066,0.09098858,0.8949394,0.90479517,0.17950119,0.15748993,0.4675504,0.39769623,0.27197346,0.43458286,0.3976558,0.48977455,0.13169873,0.38846126,0.5007419,0.76070136,0.68641716,0.41087964,0.41888174,0.5175887,0.6335329,0.8969722,0.33475244,0.9177156,0.17304738,0.1368145,0.3629988,0.021576708,0.17007984,-0.033890333
